Plant_Number,date,Rdate,exp_days,num_germinates,volunteer_dicot,num_removed
1,6_16,6/16/2018,4,0,0,0
2,6_16,6/16/2018,4,1,0,0
3,6_16,6/16/2018,4,0,0,0
4,6_16,6/16/2018,4,0,0,0
5,6_16,6/16/2018,4,0,0,0
6,6_16,6/16/2018,4,2,0,0
7,6_16,6/16/2018,4,0,0,0
8,6_16,6/16/2018,4,0,0,0
9,6_16,6/16/2018,4,0,0,0
10,6_16,6/16/2018,4,0,0,0
11,6_16,6/16/2018,4,1,0,0
12,6_16,6/16/2018,4,1,0,0
13,6_16,6/16/2018,4,0,0,0
14,6_16,6/16/2018,4,0,0,0
15,6_16,6/16/2018,4,0,0,0
16,6_16,6/16/2018,4,0,0,0
17,6_16,6/16/2018,4,0,0,0
18,6_16,6/16/2018,4,1,0,0
19,6_16,6/16/2018,4,0,0,0
20,6_16,6/16/2018,4,0,0,0
21,6_16,6/16/2018,4,0,0,0
22,6_16,6/16/2018,4,1,0,0
23,6_16,6/16/2018,4,0,0,0
24,6_16,6/16/2018,4,0,0,0
25,6_16,6/16/2018,4,1,0,0
26,6_16,6/16/2018,4,1,0,0
27,6_16,6/16/2018,4,0,0,0
28,6_16,6/16/2018,4,0,0,0
29,6_16,6/16/2018,4,0,0,0
30,6_16,6/16/2018,4,0,0,0
31,6_16,6/16/2018,4,0,0,0
32,6_16,6/16/2018,4,0,0,0
33,6_16,6/16/2018,4,0,0,0
34,6_16,6/16/2018,4,0,0,0
35,6_16,6/16/2018,4,0,0,0
36,6_16,6/16/2018,4,0,0,0
37,6_16,6/16/2018,4,0,0,0
38,6_16,6/16/2018,4,0,0,0
39,6_16,6/16/2018,4,1,0,0
40,6_16,6/16/2018,4,0,0,0
41,6_16,6/16/2018,4,0,0,0
42,6_16,6/16/2018,4,0,0,0
43,6_16,6/16/2018,4,0,0,0
44,6_16,6/16/2018,4,1,0,0
45,6_16,6/16/2018,4,0,0,0
46,6_16,6/16/2018,4,0,0,0
47,6_16,6/16/2018,4,0,0,0
48,6_16,6/16/2018,4,0,0,0
49,6_16,6/16/2018,4,1,0,0
50,6_16,6/16/2018,4,0,0,0
51,6_16,6/16/2018,4,0,0,0
52,6_16,6/16/2018,4,0,0,0
53,6_16,6/16/2018,4,0,0,0
54,6_16,6/16/2018,4,0,0,0
55,6_16,6/16/2018,4,1,0,0
56,6_16,6/16/2018,4,0,0,0
57,6_16,6/16/2018,4,1,0,0
58,6_16,6/16/2018,4,1,0,0
59,6_16,6/16/2018,4,1,0,0
60,6_16,6/16/2018,4,0,0,0
61,6_16,6/16/2018,4,0,0,0
62,6_16,6/16/2018,4,0,0,0
63,6_16,6/16/2018,4,0,0,0
64,6_16,6/16/2018,4,0,0,0
65,6_16,6/16/2018,4,0,0,0
66,6_16,6/16/2018,4,0,0,0
67,6_16,6/16/2018,4,0,0,0
68,6_16,6/16/2018,4,2,0,0
69,6_16,6/16/2018,4,1,0,0
70,6_16,6/16/2018,4,0,0,0
71,6_16,6/16/2018,4,0,0,0
72,6_16,6/16/2018,4,1,0,0
73,6_16,6/16/2018,4,0,0,0
74,6_16,6/16/2018,4,0,0,0
75,6_16,6/16/2018,4,0,0,0
76,6_16,6/16/2018,4,0,0,0
77,6_16,6/16/2018,4,0,0,0
78,6_16,6/16/2018,4,0,0,0
79,6_16,6/16/2018,4,0,0,0
80,6_16,6/16/2018,4,0,0,0
81,6_16,6/16/2018,4,0,0,0
82,6_16,6/16/2018,4,0,0,0
83,6_16,6/16/2018,4,0,0,0
84,6_16,6/16/2018,4,0,0,0
85,6_16,6/16/2018,4,1,0,0
86,6_16,6/16/2018,4,0,0,0
87,6_16,6/16/2018,4,0,0,0
88,6_16,6/16/2018,4,0,0,0
89,6_16,6/16/2018,4,0,0,0
90,6_16,6/16/2018,4,0,0,0
1,6_17,6/17/2018,5,0,0,0
2,6_17,6/17/2018,5,1,0,0
3,6_17,6/17/2018,5,0,0,0
4,6_17,6/17/2018,5,0,0,0
5,6_17,6/17/2018,5,0,1,0
6,6_17,6/17/2018,5,0,0,0
7,6_17,6/17/2018,5,0,0,0
8,6_17,6/17/2018,5,0,1,0
9,6_17,6/17/2018,5,0,3,0
10,6_17,6/17/2018,5,1,1,0
11,6_17,6/17/2018,5,2,0,0
12,6_17,6/17/2018,5,1,3,0
13,6_17,6/17/2018,5,0,0,0
14,6_17,6/17/2018,5,1,0,0
15,6_17,6/17/2018,5,0,0,0
16,6_17,6/17/2018,5,0,0,0
17,6_17,6/17/2018,5,0,0,0
18,6_17,6/17/2018,5,1,0,0
19,6_17,6/17/2018,5,0,0,0
20,6_17,6/17/2018,5,1,0,0
21,6_17,6/17/2018,5,0,0,0
22,6_17,6/17/2018,5,1,0,0
23,6_17,6/17/2018,5,1,0,0
24,6_17,6/17/2018,5,0,0,0
25,6_17,6/17/2018,5,1,0,0
26,6_17,6/17/2018,5,2,0,0
27,6_17,6/17/2018,5,0,0,0
28,6_17,6/17/2018,5,0,0,0
29,6_17,6/17/2018,5,0,0,0
30,6_17,6/17/2018,5,1,0,0
31,6_17,6/17/2018,5,0,0,0
32,6_17,6/17/2018,5,0,0,0
33,6_17,6/17/2018,5,0,0,0
34,6_17,6/17/2018,5,0,0,0
35,6_17,6/17/2018,5,0,0,0
36,6_17,6/17/2018,5,0,0,0
37,6_17,6/17/2018,5,2,0,0
38,6_17,6/17/2018,5,0,0,0
39,6_17,6/17/2018,5,1,0,0
40,6_17,6/17/2018,5,0,0,0
41,6_17,6/17/2018,5,0,0,0
42,6_17,6/17/2018,5,0,0,0
43,6_17,6/17/2018,5,0,0,0
44,6_17,6/17/2018,5,1,0,0
45,6_17,6/17/2018,5,0,0,0
46,6_17,6/17/2018,5,0,0,0
47,6_17,6/17/2018,5,0,0,0
48,6_17,6/17/2018,5,1,0,0
49,6_17,6/17/2018,5,1,0,0
50,6_17,6/17/2018,5,0,0,0
51,6_17,6/17/2018,5,0,1,0
52,6_17,6/17/2018,5,1,2,0
53,6_17,6/17/2018,5,0,2,0
54,6_17,6/17/2018,5,1,0,0
55,6_17,6/17/2018,5,2,2,0
56,6_17,6/17/2018,5,0,2,0
57,6_17,6/17/2018,5,1,1,0
58,6_17,6/17/2018,5,2,0,0
59,6_17,6/17/2018,5,2,0,0
60,6_17,6/17/2018,5,0,0,0
61,6_17,6/17/2018,5,0,0,0
62,6_17,6/17/2018,5,0,0,0
63,6_17,6/17/2018,5,0,0,0
64,6_17,6/17/2018,5,0,0,0
65,6_17,6/17/2018,5,1,0,0
66,6_17,6/17/2018,5,0,0,0
67,6_17,6/17/2018,5,1,0,0
68,6_17,6/17/2018,5,3,0,0
69,6_17,6/17/2018,5,2,0,0
70,6_17,6/17/2018,5,0,0,0
71,6_17,6/17/2018,5,0,0,0
72,6_17,6/17/2018,5,1,0,0
73,6_17,6/17/2018,5,0,0,0
74,6_17,6/17/2018,5,1,0,0
75,6_17,6/17/2018,5,1,0,0
76,6_17,6/17/2018,5,0,0,0
77,6_17,6/17/2018,5,0,0,0
78,6_17,6/17/2018,5,0,0,0
79,6_17,6/17/2018,5,0,0,0
80,6_17,6/17/2018,5,0,0,0
81,6_17,6/17/2018,5,0,0,0
82,6_17,6/17/2018,5,0,0,0
83,6_17,6/17/2018,5,0,0,0
84,6_17,6/17/2018,5,0,0,0
85,6_17,6/17/2018,5,1,0,0
86,6_17,6/17/2018,5,0,0,0
87,6_17,6/17/2018,5,0,0,0
88,6_17,6/17/2018,5,0,0,0
89,6_17,6/17/2018,5,0,0,0
90,6_17,6/17/2018,5,0,0,0
1,6_18,6/18/2018,6,0,0,0
2,6_18,6/18/2018,6,1,0,0
3,6_18,6/18/2018,6,0,0,0
4,6_18,6/18/2018,6,1,0,0
5,6_18,6/18/2018,6,0,0,0
6,6_18,6/18/2018,6,2,0,0
7,6_18,6/18/2018,6,0,0,0
8,6_18,6/18/2018,6,0,0,0
9,6_18,6/18/2018,6,0,0,0
10,6_18,6/18/2018,6,1,1,0
11,6_18,6/18/2018,6,2,1,0
12,6_18,6/18/2018,6,1,0,0
13,6_18,6/18/2018,6,0,0,0
14,6_18,6/18/2018,6,1,0,0
15,6_18,6/18/2018,6,0,0,0
16,6_18,6/18/2018,6,0,0,0
17,6_18,6/18/2018,6,0,0,0
18,6_18,6/18/2018,6,1,0,0
19,6_18,6/18/2018,6,0,0,0
20,6_18,6/18/2018,6,1,0,0
21,6_18,6/18/2018,6,1,0,0
22,6_18,6/18/2018,6,1,0,0
23,6_18,6/18/2018,6,2,0,0
24,6_18,6/18/2018,6,0,0,0
25,6_18,6/18/2018,6,1,0,0
26,6_18,6/18/2018,6,2,0,0
27,6_18,6/18/2018,6,1,0,0
28,6_18,6/18/2018,6,0,1,0
29,6_18,6/18/2018,6,0,0,0
30,6_18,6/18/2018,6,2,0,0
31,6_18,6/18/2018,6,0,0,0
32,6_18,6/18/2018,6,0,0,0
33,6_18,6/18/2018,6,0,0,0
34,6_18,6/18/2018,6,0,0,0
35,6_18,6/18/2018,6,0,0,0
36,6_18,6/18/2018,6,0,0,0
37,6_18,6/18/2018,6,2,0,0
38,6_18,6/18/2018,6,0,0,0
39,6_18,6/18/2018,6,1,0,0
40,6_18,6/18/2018,6,0,0,0
41,6_18,6/18/2018,6,0,0,0
42,6_18,6/18/2018,6,2,0,0
43,6_18,6/18/2018,6,0,0,0
44,6_18,6/18/2018,6,1,0,0
45,6_18,6/18/2018,6,0,0,0
46,6_18,6/18/2018,6,0,0,0
47,6_18,6/18/2018,6,1,0,0
48,6_18,6/18/2018,6,1,0,0
49,6_18,6/18/2018,6,2,0,0
50,6_18,6/18/2018,6,1,1,0
51,6_18,6/18/2018,6,1,0,0
52,6_18,6/18/2018,6,2,1,0
53,6_18,6/18/2018,6,0,0,0
54,6_18,6/18/2018,6,1,0,0
55,6_18,6/18/2018,6,1,1,0
56,6_18,6/18/2018,6,2,2,0
57,6_18,6/18/2018,6,1,0,0
58,6_18,6/18/2018,6,2,0,0
59,6_18,6/18/2018,6,2,0,0
60,6_18,6/18/2018,6,0,0,0
61,6_18,6/18/2018,6,0,1,0
62,6_18,6/18/2018,6,1,0,0
63,6_18,6/18/2018,6,0,0,0
64,6_18,6/18/2018,6,2,0,0
65,6_18,6/18/2018,6,1,0,0
66,6_18,6/18/2018,6,0,0,0
67,6_18,6/18/2018,6,1,0,0
68,6_18,6/18/2018,6,3,0,0
69,6_18,6/18/2018,6,2,1,0
70,6_18,6/18/2018,6,0,0,0
71,6_18,6/18/2018,6,0,0,0
72,6_18,6/18/2018,6,1,0,0
73,6_18,6/18/2018,6,2,1,0
74,6_18,6/18/2018,6,1,0,0
75,6_18,6/18/2018,6,2,0,0
76,6_18,6/18/2018,6,0,0,0
77,6_18,6/18/2018,6,0,0,0
78,6_18,6/18/2018,6,0,0,0
79,6_18,6/18/2018,6,0,0,0
80,6_18,6/18/2018,6,0,0,0
81,6_18,6/18/2018,6,0,0,0
82,6_18,6/18/2018,6,0,0,0
83,6_18,6/18/2018,6,0,0,0
84,6_18,6/18/2018,6,0,0,0
85,6_18,6/18/2018,6,1,0,0
86,6_18,6/18/2018,6,0,0,0
87,6_18,6/18/2018,6,0,0,0
88,6_18,6/18/2018,6,0,0,0
89,6_18,6/18/2018,6,0,0,0
90,6_18,6/18/2018,6,0,0,0
1,6_19,6/19/2018,7,0,0,0
2,6_19,6/19/2018,7,1,0,0
3,6_19,6/19/2018,7,0,0,0
4,6_19,6/19/2018,7,1,0,0
5,6_19,6/19/2018,7,0,0,0
6,6_19,6/19/2018,7,2,0,0
7,6_19,6/19/2018,7,0,0,0
8,6_19,6/19/2018,7,0,0,0
9,6_19,6/19/2018,7,0,0,0
10,6_19,6/19/2018,7,1,0,0
11,6_19,6/19/2018,7,2,0,0
12,6_19,6/19/2018,7,1,0,0
13,6_19,6/19/2018,7,0,0,0
14,6_19,6/19/2018,7,1,0,0
15,6_19,6/19/2018,7,0,0,0
16,6_19,6/19/2018,7,0,0,0
17,6_19,6/19/2018,7,0,0,0
18,6_19,6/19/2018,7,2,0,0
19,6_19,6/19/2018,7,0,0,0
20,6_19,6/19/2018,7,1,0,0
21,6_19,6/19/2018,7,1,0,0
22,6_19,6/19/2018,7,1,0,0
23,6_19,6/19/2018,7,2,0,0
24,6_19,6/19/2018,7,0,0,0
25,6_19,6/19/2018,7,1,0,0
26,6_19,6/19/2018,7,2,0,0
27,6_19,6/19/2018,7,1,0,0
28,6_19,6/19/2018,7,0,0,0
29,6_19,6/19/2018,7,0,0,0
30,6_19,6/19/2018,7,2,0,0
31,6_19,6/19/2018,7,0,0,0
32,6_19,6/19/2018,7,0,0,0
33,6_19,6/19/2018,7,0,0,0
34,6_19,6/19/2018,7,0,0,0
35,6_19,6/19/2018,7,0,0,0
36,6_19,6/19/2018,7,0,0,0
37,6_19,6/19/2018,7,2,0,0
38,6_19,6/19/2018,7,0,0,0
39,6_19,6/19/2018,7,1,0,0
40,6_19,6/19/2018,7,0,0,0
41,6_19,6/19/2018,7,0,0,0
42,6_19,6/19/2018,7,2,0,0
43,6_19,6/19/2018,7,0,0,0
44,6_19,6/19/2018,7,1,0,0
45,6_19,6/19/2018,7,0,0,0
46,6_19,6/19/2018,7,0,0,0
47,6_19,6/19/2018,7,1,0,0
48,6_19,6/19/2018,7,1,0,0
49,6_19,6/19/2018,7,2,0,0
50,6_19,6/19/2018,7,1,0,0
51,6_19,6/19/2018,7,1,0,0
52,6_19,6/19/2018,7,2,0,0
53,6_19,6/19/2018,7,0,0,0
54,6_19,6/19/2018,7,1,0,0
55,6_19,6/19/2018,7,2,0,0
56,6_19,6/19/2018,7,1,0,0
57,6_19,6/19/2018,7,1,0,0
58,6_19,6/19/2018,7,3,0,0
59,6_19,6/19/2018,7,2,0,0
60,6_19,6/19/2018,7,1,0,0
61,6_19,6/19/2018,7,0,0,0
62,6_19,6/19/2018,7,1,0,0
63,6_19,6/19/2018,7,0,0,0
64,6_19,6/19/2018,7,2,0,0
65,6_19,6/19/2018,7,1,0,0
66,6_19,6/19/2018,7,0,0,0
67,6_19,6/19/2018,7,1,0,0
68,6_19,6/19/2018,7,3,0,0
69,6_19,6/19/2018,7,2,0,0
70,6_19,6/19/2018,7,0,0,0
71,6_19,6/19/2018,7,1,0,0
72,6_19,6/19/2018,7,2,0,0
73,6_19,6/19/2018,7,2,0,0
74,6_19,6/19/2018,7,1,0,0
75,6_19,6/19/2018,7,2,0,0
76,6_19,6/19/2018,7,0,0,0
77,6_19,6/19/2018,7,0,0,0
78,6_19,6/19/2018,7,0,0,0
79,6_19,6/19/2018,7,0,0,0
80,6_19,6/19/2018,7,0,0,0
81,6_19,6/19/2018,7,0,0,0
82,6_19,6/19/2018,7,0,0,0
83,6_19,6/19/2018,7,0,0,0
84,6_19,6/19/2018,7,0,0,0
85,6_19,6/19/2018,7,1,0,0
86,6_19,6/19/2018,7,0,0,0
87,6_19,6/19/2018,7,0,0,0
88,6_19,6/19/2018,7,0,0,0
89,6_19,6/19/2018,7,0,0,0
90,6_19,6/19/2018,7,0,0,0
1,6_20,6/20/2018,8,0,0,0
2,6_20,6/20/2018,8,1,0,0
3,6_20,6/20/2018,8,0,0,0
4,6_20,6/20/2018,8,1,0,0
5,6_20,6/20/2018,8,0,0,0
6,6_20,6/20/2018,8,2,0,1
7,6_20,6/20/2018,8,0,0,0
8,6_20,6/20/2018,8,0,0,0
9,6_20,6/20/2018,8,0,0,0
10,6_20,6/20/2018,8,1,0,0
11,6_20,6/20/2018,8,2,0,1
12,6_20,6/20/2018,8,1,0,0
13,6_20,6/20/2018,8,0,0,0
14,6_20,6/20/2018,8,1,0,0
15,6_20,6/20/2018,8,0,0,0
16,6_20,6/20/2018,8,0,0,0
17,6_20,6/20/2018,8,0,0,0
18,6_20,6/20/2018,8,2,1,1
19,6_20,6/20/2018,8,0,0,0
20,6_20,6/20/2018,8,1,0,0
21,6_20,6/20/2018,8,1,0,0
22,6_20,6/20/2018,8,1,0,0
23,6_20,6/20/2018,8,2,0,1
24,6_20,6/20/2018,8,0,0,0
25,6_20,6/20/2018,8,1,0,0
26,6_20,6/20/2018,8,2,0,1
27,6_20,6/20/2018,8,1,0,0
28,6_20,6/20/2018,8,0,0,0
29,6_20,6/20/2018,8,0,0,0
30,6_20,6/20/2018,8,2,0,1
31,6_20,6/20/2018,8,0,0,0
32,6_20,6/20/2018,8,0,0,0
33,6_20,6/20/2018,8,0,0,0
34,6_20,6/20/2018,8,0,0,0
35,6_20,6/20/2018,8,0,0,0
36,6_20,6/20/2018,8,0,0,0
37,6_20,6/20/2018,8,2,0,1
38,6_20,6/20/2018,8,0,0,0
39,6_20,6/20/2018,8,1,0,0
40,6_20,6/20/2018,8,0,0,0
41,6_20,6/20/2018,8,0,0,0
42,6_20,6/20/2018,8,2,0,1
43,6_20,6/20/2018,8,0,0,0
44,6_20,6/20/2018,8,1,0,0
45,6_20,6/20/2018,8,0,0,0
46,6_20,6/20/2018,8,0,0,0
47,6_20,6/20/2018,8,1,0,0
48,6_20,6/20/2018,8,1,0,0
49,6_20,6/20/2018,8,2,0,1
50,6_20,6/20/2018,8,1,0,0
51,6_20,6/20/2018,8,2,0,1
52,6_20,6/20/2018,8,2,0,1
53,6_20,6/20/2018,8,0,0,0
54,6_20,6/20/2018,8,2,0,1
55,6_20,6/20/2018,8,3,0,2
56,6_20,6/20/2018,8,1,0,0
57,6_20,6/20/2018,8,1,0,0
58,6_20,6/20/2018,8,3,0,2
59,6_20,6/20/2018,8,2,0,1
60,6_20,6/20/2018,8,1,0,0
61,6_20,6/20/2018,8,0,0,0
62,6_20,6/20/2018,8,1,0,0
63,6_20,6/20/2018,8,0,0,0
64,6_20,6/20/2018,8,2,0,1
65,6_20,6/20/2018,8,1,0,0
66,6_20,6/20/2018,8,0,0,0
67,6_20,6/20/2018,8,1,0,0
68,6_20,6/20/2018,8,3,0,2
69,6_20,6/20/2018,8,2,0,1
70,6_20,6/20/2018,8,0,0,0
71,6_20,6/20/2018,8,0,1,0
72,6_20,6/20/2018,8,1,1,0
73,6_20,6/20/2018,8,2,0,1
74,6_20,6/20/2018,8,1,0,0
75,6_20,6/20/2018,8,2,0,1
76,6_20,6/20/2018,8,1,0,0
77,6_20,6/20/2018,8,2,0,1
78,6_20,6/20/2018,8,0,0,0
79,6_20,6/20/2018,8,0,0,0
80,6_20,6/20/2018,8,0,0,0
81,6_20,6/20/2018,8,0,0,0
82,6_20,6/20/2018,8,0,0,0
83,6_20,6/20/2018,8,0,0,0
84,6_20,6/20/2018,8,0,0,0
85,6_20,6/20/2018,8,1,0,0
86,6_20,6/20/2018,8,0,0,0
87,6_20,6/20/2018,8,0,0,0
88,6_20,6/20/2018,8,0,0,0
89,6_20,6/20/2018,8,0,0,0
90,6_20,6/20/2018,8,0,0,0
1,6_21,6/21/2018,9,0,0,0
2,6_21,6/21/2018,9,1,0,0
3,6_21,6/21/2018,9,0,0,0
4,6_21,6/21/2018,9,1,0,0
5,6_21,6/21/2018,9,0,0,0
6,6_21,6/21/2018,9,1,0,0
7,6_21,6/21/2018,9,0,0,0
8,6_21,6/21/2018,9,0,0,0
9,6_21,6/21/2018,9,0,0,0
10,6_21,6/21/2018,9,1,0,0
11,6_21,6/21/2018,9,1,0,0
12,6_21,6/21/2018,9,1,0,0
13,6_21,6/21/2018,9,0,0,0
14,6_21,6/21/2018,9,1,0,0
15,6_21,6/21/2018,9,0,0,0
16,6_21,6/21/2018,9,0,0,0
17,6_21,6/21/2018,9,0,0,0
18,6_21,6/21/2018,9,1,0,0
19,6_21,6/21/2018,9,0,0,0
20,6_21,6/21/2018,9,1,0,0
21,6_21,6/21/2018,9,1,0,0
22,6_21,6/21/2018,9,1,0,0
23,6_21,6/21/2018,9,1,0,0
24,6_21,6/21/2018,9,1,0,0
25,6_21,6/21/2018,9,1,0,0
26,6_21,6/21/2018,9,1,0,0
27,6_21,6/21/2018,9,1,0,0
28,6_21,6/21/2018,9,0,0,0
29,6_21,6/21/2018,9,0,0,0
30,6_21,6/21/2018,9,1,0,0
31,6_21,6/21/2018,9,0,0,0
32,6_21,6/21/2018,9,0,0,0
33,6_21,6/21/2018,9,0,0,0
34,6_21,6/21/2018,9,0,0,0
35,6_21,6/21/2018,9,0,0,0
36,6_21,6/21/2018,9,0,0,0
37,6_21,6/21/2018,9,1,0,0
38,6_21,6/21/2018,9,0,0,0
39,6_21,6/21/2018,9,1,0,0
40,6_21,6/21/2018,9,0,0,0
41,6_21,6/21/2018,9,0,0,0
42,6_21,6/21/2018,9,1,0,0
43,6_21,6/21/2018,9,0,0,0
44,6_21,6/21/2018,9,1,0,0
45,6_21,6/21/2018,9,0,0,0
46,6_21,6/21/2018,9,0,0,0
47,6_21,6/21/2018,9,1,0,0
48,6_21,6/21/2018,9,1,0,0
49,6_21,6/21/2018,9,1,0,0
50,6_21,6/21/2018,9,1,0,0
51,6_21,6/21/2018,9,1,0,0
52,6_21,6/21/2018,9,1,0,0
53,6_21,6/21/2018,9,0,0,0
54,6_21,6/21/2018,9,1,0,0
55,6_21,6/21/2018,9,1,0,0
56,6_21,6/21/2018,9,1,0,0
57,6_21,6/21/2018,9,1,0,0
58,6_21,6/21/2018,9,1,0,0
59,6_21,6/21/2018,9,1,0,0
60,6_21,6/21/2018,9,1,0,0
61,6_21,6/21/2018,9,0,0,0
62,6_21,6/21/2018,9,1,0,0
63,6_21,6/21/2018,9,0,0,0
64,6_21,6/21/2018,9,1,0,0
65,6_21,6/21/2018,9,1,0,0
66,6_21,6/21/2018,9,0,0,0
67,6_21,6/21/2018,9,1,0,0
68,6_21,6/21/2018,9,1,0,0
69,6_21,6/21/2018,9,1,0,0
70,6_21,6/21/2018,9,0,0,0
71,6_21,6/21/2018,9,0,0,0
72,6_21,6/21/2018,9,1,0,0
73,6_21,6/21/2018,9,1,0,0
74,6_21,6/21/2018,9,0,0,0
75,6_21,6/21/2018,9,1,0,0
76,6_21,6/21/2018,9,0,0,0
77,6_21,6/21/2018,9,0,0,0
78,6_21,6/21/2018,9,0,0,0
79,6_21,6/21/2018,9,0,0,0
80,6_21,6/21/2018,9,0,0,0
81,6_21,6/21/2018,9,0,0,0
82,6_21,6/21/2018,9,0,0,0
83,6_21,6/21/2018,9,0,0,0
84,6_21,6/21/2018,9,0,0,0
85,6_21,6/21/2018,9,1,0,0
86,6_21,6/21/2018,9,0,0,0
87,6_21,6/21/2018,9,0,0,0
88,6_21,6/21/2018,9,0,0,0
89,6_21,6/21/2018,9,0,0,0
90,6_21,6/21/2018,9,0,0,0
1,6_22,6/22/2018,10,0,0,0
2,6_22,6/22/2018,10,1,0,0
3,6_22,6/22/2018,10,0,0,0
4,6_22,6/22/2018,10,1,0,0
5,6_22,6/22/2018,10,0,0,0
6,6_22,6/22/2018,10,1,0,0
7,6_22,6/22/2018,10,0,0,0
8,6_22,6/22/2018,10,0,0,0
9,6_22,6/22/2018,10,0,0,0
10,6_22,6/22/2018,10,1,0,0
11,6_22,6/22/2018,10,1,0,0
12,6_22,6/22/2018,10,1,0,0
13,6_22,6/22/2018,10,0,0,0
14,6_22,6/22/2018,10,1,0,0
15,6_22,6/22/2018,10,0,0,0
16,6_22,6/22/2018,10,0,0,0
17,6_22,6/22/2018,10,0,0,0
18,6_22,6/22/2018,10,1,0,0
19,6_22,6/22/2018,10,0,0,0
20,6_22,6/22/2018,10,1,0,0
21,6_22,6/22/2018,10,1,0,0
22,6_22,6/22/2018,10,0,0,0
23,6_22,6/22/2018,10,1,0,0
24,6_22,6/22/2018,10,0,0,0
25,6_22,6/22/2018,10,1,0,0
26,6_22,6/22/2018,10,1,0,0
27,6_22,6/22/2018,10,1,0,0
28,6_22,6/22/2018,10,0,0,0
29,6_22,6/22/2018,10,0,0,0
30,6_22,6/22/2018,10,1,0,0
31,6_22,6/22/2018,10,0,0,0
32,6_22,6/22/2018,10,0,0,0
33,6_22,6/22/2018,10,0,0,0
34,6_22,6/22/2018,10,0,0,0
35,6_22,6/22/2018,10,0,0,0
36,6_22,6/22/2018,10,0,0,0
37,6_22,6/22/2018,10,1,0,0
38,6_22,6/22/2018,10,0,0,0
39,6_22,6/22/2018,10,1,0,0
40,6_22,6/22/2018,10,0,0,0
41,6_22,6/22/2018,10,0,0,0
42,6_22,6/22/2018,10,1,0,0
43,6_22,6/22/2018,10,0,0,0
44,6_22,6/22/2018,10,1,0,0
45,6_22,6/22/2018,10,0,0,0
46,6_22,6/22/2018,10,0,0,0
47,6_22,6/22/2018,10,1,0,0
48,6_22,6/22/2018,10,1,0,0
49,6_22,6/22/2018,10,1,0,0
50,6_22,6/22/2018,10,1,0,0
51,6_22,6/22/2018,10,1,0,0
52,6_22,6/22/2018,10,1,0,0
53,6_22,6/22/2018,10,0,0,0
54,6_22,6/22/2018,10,1,0,0
55,6_22,6/22/2018,10,1,0,0
56,6_22,6/22/2018,10,1,0,0
57,6_22,6/22/2018,10,1,0,0
58,6_22,6/22/2018,10,1,0,0
59,6_22,6/22/2018,10,1,0,0
60,6_22,6/22/2018,10,1,0,0
61,6_22,6/22/2018,10,0,0,0
62,6_22,6/22/2018,10,1,0,0
63,6_22,6/22/2018,10,0,0,0
64,6_22,6/22/2018,10,1,0,0
65,6_22,6/22/2018,10,1,0,0
66,6_22,6/22/2018,10,0,0,0
67,6_22,6/22/2018,10,2,0,1
68,6_22,6/22/2018,10,1,0,0
69,6_22,6/22/2018,10,1,0,0
70,6_22,6/22/2018,10,0,0,0
71,6_22,6/22/2018,10,0,0,0
72,6_22,6/22/2018,10,1,0,0
73,6_22,6/22/2018,10,1,0,0
74,6_22,6/22/2018,10,0,0,0
75,6_22,6/22/2018,10,1,0,0
76,6_22,6/22/2018,10,0,0,0
77,6_22,6/22/2018,10,0,0,0
78,6_22,6/22/2018,10,0,0,0
79,6_22,6/22/2018,10,0,0,0
80,6_22,6/22/2018,10,0,0,0
81,6_22,6/22/2018,10,0,0,0
82,6_22,6/22/2018,10,0,0,0
83,6_22,6/22/2018,10,0,0,0
84,6_22,6/22/2018,10,1,0,0
85,6_22,6/22/2018,10,1,0,0
86,6_22,6/22/2018,10,1,0,0
87,6_22,6/22/2018,10,0,0,0
88,6_22,6/22/2018,10,0,0,0
89,6_22,6/22/2018,10,0,0,0
90,6_22,6/22/2018,10,0,0,0
1,6_23,6/23/2018,11,0,0,0
2,6_23,6/23/2018,11,1,0,0
3,6_23,6/23/2018,11,0,0,0
4,6_23,6/23/2018,11,1,0,0
5,6_23,6/23/2018,11,0,0,0
6,6_23,6/23/2018,11,1,0,0
7,6_23,6/23/2018,11,0,0,0
8,6_23,6/23/2018,11,0,0,0
9,6_23,6/23/2018,11,0,0,0
10,6_23,6/23/2018,11,1,0,0
11,6_23,6/23/2018,11,1,0,0
12,6_23,6/23/2018,11,1,0,0
13,6_23,6/23/2018,11,0,0,0
14,6_23,6/23/2018,11,1,0,0
15,6_23,6/23/2018,11,0,0,0
16,6_23,6/23/2018,11,0,0,0
17,6_23,6/23/2018,11,0,0,0
18,6_23,6/23/2018,11,1,0,0
19,6_23,6/23/2018,11,0,0,0
20,6_23,6/23/2018,11,1,0,0
21,6_23,6/23/2018,11,1,0,0
22,6_23,6/23/2018,11,1,0,0
23,6_23,6/23/2018,11,1,0,0
24,6_23,6/23/2018,11,0,0,0
25,6_23,6/23/2018,11,1,0,0
26,6_23,6/23/2018,11,1,0,0
27,6_23,6/23/2018,11,1,0,0
28,6_23,6/23/2018,11,0,0,0
29,6_23,6/23/2018,11,0,0,0
30,6_23,6/23/2018,11,1,0,0
31,6_23,6/23/2018,11,0,0,0
32,6_23,6/23/2018,11,0,0,0
33,6_23,6/23/2018,11,0,0,0
34,6_23,6/23/2018,11,0,0,0
35,6_23,6/23/2018,11,0,0,0
36,6_23,6/23/2018,11,0,0,0
37,6_23,6/23/2018,11,1,0,0
38,6_23,6/23/2018,11,0,0,0
39,6_23,6/23/2018,11,1,0,0
40,6_23,6/23/2018,11,0,0,0
41,6_23,6/23/2018,11,0,0,0
42,6_23,6/23/2018,11,1,0,0
43,6_23,6/23/2018,11,0,0,0
44,6_23,6/23/2018,11,1,0,0
45,6_23,6/23/2018,11,0,0,0
46,6_23,6/23/2018,11,0,0,0
47,6_23,6/23/2018,11,1,0,0
48,6_23,6/23/2018,11,1,0,0
49,6_23,6/23/2018,11,1,0,0
50,6_23,6/23/2018,11,1,0,0
51,6_23,6/23/2018,11,1,0,0
52,6_23,6/23/2018,11,1,0,0
53,6_23,6/23/2018,11,0,0,0
54,6_23,6/23/2018,11,1,0,0
55,6_23,6/23/2018,11,1,0,0
56,6_23,6/23/2018,11,1,0,0
57,6_23,6/23/2018,11,1,0,0
58,6_23,6/23/2018,11,1,0,0
59,6_23,6/23/2018,11,1,0,0
60,6_23,6/23/2018,11,1,0,0
61,6_23,6/23/2018,11,0,0,0
62,6_23,6/23/2018,11,1,0,0
63,6_23,6/23/2018,11,0,0,0
64,6_23,6/23/2018,11,1,0,0
65,6_23,6/23/2018,11,1,0,0
66,6_23,6/23/2018,11,0,0,0
67,6_23,6/23/2018,11,1,0,0
68,6_23,6/23/2018,11,1,0,0
69,6_23,6/23/2018,11,1,0,0
70,6_23,6/23/2018,11,0,0,0
71,6_23,6/23/2018,11,0,0,0
72,6_23,6/23/2018,11,1,0,0
73,6_23,6/23/2018,11,1,0,0
74,6_23,6/23/2018,11,0,0,0
75,6_23,6/23/2018,11,1,0,0
76,6_23,6/23/2018,11,0,0,0
77,6_23,6/23/2018,11,0,0,0
78,6_23,6/23/2018,11,0,0,0
79,6_23,6/23/2018,11,0,0,0
80,6_23,6/23/2018,11,0,0,0
81,6_23,6/23/2018,11,0,0,0
82,6_23,6/23/2018,11,0,0,0
83,6_23,6/23/2018,11,0,0,0
84,6_23,6/23/2018,11,0,0,0
85,6_23,6/23/2018,11,1,0,0
86,6_23,6/23/2018,11,1,0,0
87,6_23,6/23/2018,11,1,0,0
88,6_23,6/23/2018,11,0,0,0
89,6_23,6/23/2018,11,0,0,0
90,6_23,6/23/2018,11,0,0,0
1,6_24,6/24/2018,12,0,0,0
2,6_24,6/24/2018,12,1,0,0
3,6_24,6/24/2018,12,0,0,0
4,6_24,6/24/2018,12,1,0,0
5,6_24,6/24/2018,12,0,0,0
6,6_24,6/24/2018,12,1,0,0
7,6_24,6/24/2018,12,0,0,0
8,6_24,6/24/2018,12,0,0,0
9,6_24,6/24/2018,12,0,0,0
10,6_24,6/24/2018,12,1,0,0
11,6_24,6/24/2018,12,1,0,0
12,6_24,6/24/2018,12,0,1,0
13,6_24,6/24/2018,12,0,0,0
14,6_24,6/24/2018,12,1,0,0
15,6_24,6/24/2018,12,0,0,0
16,6_24,6/24/2018,12,0,0,0
17,6_24,6/24/2018,12,0,0,0
18,6_24,6/24/2018,12,1,0,0
19,6_24,6/24/2018,12,0,0,0
20,6_24,6/24/2018,12,1,0,0
21,6_24,6/24/2018,12,1,0,0
22,6_24,6/24/2018,12,1,0,0
23,6_24,6/24/2018,12,1,0,0
24,6_24,6/24/2018,12,0,0,0
25,6_24,6/24/2018,12,1,0,0
26,6_24,6/24/2018,12,1,0,0
27,6_24,6/24/2018,12,1,0,0
28,6_24,6/24/2018,12,0,0,0
29,6_24,6/24/2018,12,0,0,0
30,6_24,6/24/2018,12,1,0,0
31,6_24,6/24/2018,12,0,0,0
32,6_24,6/24/2018,12,0,0,0
33,6_24,6/24/2018,12,0,0,0
34,6_24,6/24/2018,12,1,0,0
35,6_24,6/24/2018,12,0,0,0
36,6_24,6/24/2018,12,0,0,0
37,6_24,6/24/2018,12,1,0,0
38,6_24,6/24/2018,12,0,0,0
39,6_24,6/24/2018,12,1,0,0
40,6_24,6/24/2018,12,0,0,0
41,6_24,6/24/2018,12,0,0,0
42,6_24,6/24/2018,12,1,0,0
43,6_24,6/24/2018,12,0,0,0
44,6_24,6/24/2018,12,1,0,0
45,6_24,6/24/2018,12,0,0,0
46,6_24,6/24/2018,12,0,0,0
47,6_24,6/24/2018,12,1,0,0
48,6_24,6/24/2018,12,1,0,0
49,6_24,6/24/2018,12,1,0,0
50,6_24,6/24/2018,12,1,1,0
51,6_24,6/24/2018,12,1,1,0
52,6_24,6/24/2018,12,1,0,0
53,6_24,6/24/2018,12,1,0,0
54,6_24,6/24/2018,12,1,1,0
55,6_24,6/24/2018,12,1,0,0
56,6_24,6/24/2018,12,1,0,0
57,6_24,6/24/2018,12,1,0,0
58,6_24,6/24/2018,12,1,0,0
59,6_24,6/24/2018,12,1,0,0
60,6_24,6/24/2018,12,1,0,0
61,6_24,6/24/2018,12,0,0,0
62,6_24,6/24/2018,12,1,0,0
63,6_24,6/24/2018,12,0,0,0
64,6_24,6/24/2018,12,1,0,0
65,6_24,6/24/2018,12,0,0,0
66,6_24,6/24/2018,12,0,0,0
67,6_24,6/24/2018,12,1,0,0
68,6_24,6/24/2018,12,1,0,0
69,6_24,6/24/2018,12,1,0,0
70,6_24,6/24/2018,12,0,0,0
71,6_24,6/24/2018,12,0,0,0
72,6_24,6/24/2018,12,1,0,0
73,6_24,6/24/2018,12,1,0,0
74,6_24,6/24/2018,12,1,0,0
75,6_24,6/24/2018,12,1,1,0
76,6_24,6/24/2018,12,0,0,0
77,6_24,6/24/2018,12,0,0,0
78,6_24,6/24/2018,12,0,0,0
79,6_24,6/24/2018,12,0,0,0
80,6_24,6/24/2018,12,0,0,0
81,6_24,6/24/2018,12,0,0,0
82,6_24,6/24/2018,12,0,0,0
83,6_24,6/24/2018,12,0,0,0
84,6_24,6/24/2018,12,2,0,1
85,6_24,6/24/2018,12,1,0,0
86,6_24,6/24/2018,12,1,0,0
87,6_24,6/24/2018,12,0,0,0
88,6_24,6/24/2018,12,0,0,0
89,6_24,6/24/2018,12,0,0,0
90,6_24,6/24/2018,12,0,0,0
1,6_25,6/25/2018,13,0,0,0
2,6_25,6/25/2018,13,1,0,0
3,6_25,6/25/2018,13,0,0,0
4,6_25,6/25/2018,13,1,0,0
5,6_25,6/25/2018,13,0,0,0
6,6_25,6/25/2018,13,1,0,0
7,6_25,6/25/2018,13,0,0,0
8,6_25,6/25/2018,13,0,0,0
9,6_25,6/25/2018,13,0,0,0
10,6_25,6/25/2018,13,1,0,0
11,6_25,6/25/2018,13,1,0,0
12,6_25,6/25/2018,13,1,0,0
13,6_25,6/25/2018,13,0,0,0
14,6_25,6/25/2018,13,1,0,0
15,6_25,6/25/2018,13,0,0,0
16,6_25,6/25/2018,13,0,0,0
17,6_25,6/25/2018,13,0,0,0
18,6_25,6/25/2018,13,1,0,0
19,6_25,6/25/2018,13,0,0,0
20,6_25,6/25/2018,13,1,0,0
21,6_25,6/25/2018,13,1,0,0
22,6_25,6/25/2018,13,1,0,0
23,6_25,6/25/2018,13,1,0,0
24,6_25,6/25/2018,13,0,0,0
25,6_25,6/25/2018,13,1,0,0
26,6_25,6/25/2018,13,1,0,0
27,6_25,6/25/2018,13,1,0,0
28,6_25,6/25/2018,13,0,0,0
29,6_25,6/25/2018,13,0,0,0
30,6_25,6/25/2018,13,1,0,0
31,6_25,6/25/2018,13,0,0,0
32,6_25,6/25/2018,13,0,0,0
33,6_25,6/25/2018,13,0,0,0
34,6_25,6/25/2018,13,0,0,0
35,6_25,6/25/2018,13,0,0,0
36,6_25,6/25/2018,13,0,0,0
37,6_25,6/25/2018,13,1,0,0
38,6_25,6/25/2018,13,0,0,0
39,6_25,6/25/2018,13,1,0,0
40,6_25,6/25/2018,13,0,0,0
41,6_25,6/25/2018,13,0,0,0
42,6_25,6/25/2018,13,1,0,0
43,6_25,6/25/2018,13,0,0,0
44,6_25,6/25/2018,13,1,0,0
45,6_25,6/25/2018,13,0,0,0
46,6_25,6/25/2018,13,0,0,0
47,6_25,6/25/2018,13,1,0,0
48,6_25,6/25/2018,13,0,0,0
49,6_25,6/25/2018,13,1,0,0
50,6_25,6/25/2018,13,1,0,0
51,6_25,6/25/2018,13,1,0,0
52,6_25,6/25/2018,13,1,0,0
53,6_25,6/25/2018,13,1,0,0
54,6_25,6/25/2018,13,1,0,0
55,6_25,6/25/2018,13,1,0,0
56,6_25,6/25/2018,13,1,0,0
57,6_25,6/25/2018,13,1,0,0
58,6_25,6/25/2018,13,1,0,0
59,6_25,6/25/2018,13,1,0,0
60,6_25,6/25/2018,13,0,0,0
61,6_25,6/25/2018,13,0,0,0
62,6_25,6/25/2018,13,1,0,0
63,6_25,6/25/2018,13,0,0,0
64,6_25,6/25/2018,13,1,0,0
65,6_25,6/25/2018,13,1,0,0
66,6_25,6/25/2018,13,0,0,0
67,6_25,6/25/2018,13,1,0,0
68,6_25,6/25/2018,13,1,0,0
69,6_25,6/25/2018,13,1,0,0
70,6_25,6/25/2018,13,0,0,0
71,6_25,6/25/2018,13,0,0,0
72,6_25,6/25/2018,13,1,0,0
73,6_25,6/25/2018,13,1,0,0
74,6_25,6/25/2018,13,0,0,0
75,6_25,6/25/2018,13,1,0,0
76,6_25,6/25/2018,13,0,0,0
77,6_25,6/25/2018,13,0,0,0
78,6_25,6/25/2018,13,0,0,0
79,6_25,6/25/2018,13,0,0,0
80,6_25,6/25/2018,13,0,0,0
81,6_25,6/25/2018,13,0,0,0
82,6_25,6/25/2018,13,0,0,0
83,6_25,6/25/2018,13,0,0,0
84,6_25,6/25/2018,13,1,0,0
85,6_25,6/25/2018,13,2,0,0
86,6_25,6/25/2018,13,1,0,0
87,6_25,6/25/2018,13,0,0,0
88,6_25,6/25/2018,13,0,0,0
89,6_25,6/25/2018,13,0,0,0
90,6_25,6/25/2018,13,0,0,0
1,6_26,6/26/2018,14,0,0,0
2,6_26,6/26/2018,14,1,0,0
3,6_26,6/26/2018,14,0,0,0
4,6_26,6/26/2018,14,1,0,0
5,6_26,6/26/2018,14,0,0,0
6,6_26,6/26/2018,14,1,0,0
7,6_26,6/26/2018,14,0,0,0
8,6_26,6/26/2018,14,0,0,0
9,6_26,6/26/2018,14,0,0,0
10,6_26,6/26/2018,14,1,0,0
11,6_26,6/26/2018,14,1,0,0
12,6_26,6/26/2018,14,0,0,0
13,6_26,6/26/2018,14,0,0,0
14,6_26,6/26/2018,14,1,0,0
15,6_26,6/26/2018,14,0,0,0
16,6_26,6/26/2018,14,0,0,0
17,6_26,6/26/2018,14,0,0,0
18,6_26,6/26/2018,14,1,0,0
19,6_26,6/26/2018,14,0,0,0
20,6_26,6/26/2018,14,1,0,0
21,6_26,6/26/2018,14,1,0,0
22,6_26,6/26/2018,14,1,0,0
23,6_26,6/26/2018,14,1,0,0
24,6_26,6/26/2018,14,0,0,0
25,6_26,6/26/2018,14,1,0,0
26,6_26,6/26/2018,14,1,0,0
27,6_26,6/26/2018,14,1,0,0
28,6_26,6/26/2018,14,0,0,0
29,6_26,6/26/2018,14,0,0,0
30,6_26,6/26/2018,14,1,0,0
31,6_26,6/26/2018,14,0,0,0
32,6_26,6/26/2018,14,0,0,0
33,6_26,6/26/2018,14,0,0,0
34,6_26,6/26/2018,14,0,0,0
35,6_26,6/26/2018,14,0,0,0
36,6_26,6/26/2018,14,0,0,0
37,6_26,6/26/2018,14,1,0,0
38,6_26,6/26/2018,14,0,0,0
39,6_26,6/26/2018,14,1,0,0
40,6_26,6/26/2018,14,0,0,0
41,6_26,6/26/2018,14,0,0,0
42,6_26,6/26/2018,14,1,0,0
43,6_26,6/26/2018,14,0,0,0
44,6_26,6/26/2018,14,1,0,0
45,6_26,6/26/2018,14,0,0,0
46,6_26,6/26/2018,14,0,0,0
47,6_26,6/26/2018,14,1,0,0
48,6_26,6/26/2018,14,0,0,0
49,6_26,6/26/2018,14,1,0,0
50,6_26,6/26/2018,14,1,0,0
51,6_26,6/26/2018,14,1,0,0
52,6_26,6/26/2018,14,1,0,0
53,6_26,6/26/2018,14,1,0,0
54,6_26,6/26/2018,14,1,0,0
55,6_26,6/26/2018,14,1,0,0
56,6_26,6/26/2018,14,1,0,0
57,6_26,6/26/2018,14,1,0,0
58,6_26,6/26/2018,14,1,0,0
59,6_26,6/26/2018,14,1,0,0
60,6_26,6/26/2018,14,0,0,0
61,6_26,6/26/2018,14,0,0,0
62,6_26,6/26/2018,14,1,0,0
63,6_26,6/26/2018,14,0,0,0
64,6_26,6/26/2018,14,1,0,0
65,6_26,6/26/2018,14,1,0,0
66,6_26,6/26/2018,14,0,0,0
67,6_26,6/26/2018,14,1,0,0
68,6_26,6/26/2018,14,1,0,0
69,6_26,6/26/2018,14,1,0,0
70,6_26,6/26/2018,14,0,0,0
71,6_26,6/26/2018,14,0,0,0
72,6_26,6/26/2018,14,1,0,0
73,6_26,6/26/2018,14,1,0,0
74,6_26,6/26/2018,14,0,0,0
75,6_26,6/26/2018,14,1,0,0
76,6_26,6/26/2018,14,0,0,0
77,6_26,6/26/2018,14,0,0,0
78,6_26,6/26/2018,14,0,0,0
79,6_26,6/26/2018,14,0,0,0
80,6_26,6/26/2018,14,0,0,0
81,6_26,6/26/2018,14,0,0,0
82,6_26,6/26/2018,14,0,0,0
83,6_26,6/26/2018,14,0,0,0
84,6_26,6/26/2018,14,1,0,0
85,6_26,6/26/2018,14,1,0,0
86,6_26,6/26/2018,14,1,0,0
87,6_26,6/26/2018,14,0,0,0
88,6_26,6/26/2018,14,0,0,0
89,6_26,6/26/2018,14,0,0,0
90,6_26,6/26/2018,14,0,0,0
1,6_27,6/27/2018,15,0,0,0
2,6_27,6/27/2018,15,1,0,0
3,6_27,6/27/2018,15,0,0,0
4,6_27,6/27/2018,15,1,0,0
5,6_27,6/27/2018,15,0,0,0
6,6_27,6/27/2018,15,1,0,0
7,6_27,6/27/2018,15,0,0,0
8,6_27,6/27/2018,15,0,0,0
9,6_27,6/27/2018,15,0,0,0
10,6_27,6/27/2018,15,1,0,0
11,6_27,6/27/2018,15,1,0,0
12,6_27,6/27/2018,15,0,0,0
13,6_27,6/27/2018,15,0,0,0
14,6_27,6/27/2018,15,1,0,0
15,6_27,6/27/2018,15,0,0,0
16,6_27,6/27/2018,15,0,0,0
17,6_27,6/27/2018,15,0,0,0
18,6_27,6/27/2018,15,1,0,0
19,6_27,6/27/2018,15,0,0,0
20,6_27,6/27/2018,15,1,0,0
21,6_27,6/27/2018,15,1,0,0
22,6_27,6/27/2018,15,1,0,0
23,6_27,6/27/2018,15,1,0,0
24,6_27,6/27/2018,15,0,0,0
25,6_27,6/27/2018,15,1,0,0
26,6_27,6/27/2018,15,1,0,0
27,6_27,6/27/2018,15,1,0,0
28,6_27,6/27/2018,15,0,0,0
29,6_27,6/27/2018,15,0,0,0
30,6_27,6/27/2018,15,1,0,0
31,6_27,6/27/2018,15,0,0,0
32,6_27,6/27/2018,15,0,0,0
33,6_27,6/27/2018,15,0,0,0
34,6_27,6/27/2018,15,0,0,0
35,6_27,6/27/2018,15,0,0,0
36,6_27,6/27/2018,15,0,0,0
37,6_27,6/27/2018,15,1,0,0
38,6_27,6/27/2018,15,0,0,0
39,6_27,6/27/2018,15,1,0,0
40,6_27,6/27/2018,15,0,0,0
41,6_27,6/27/2018,15,0,0,0
42,6_27,6/27/2018,15,1,0,0
43,6_27,6/27/2018,15,0,0,0
44,6_27,6/27/2018,15,1,0,0
45,6_27,6/27/2018,15,0,0,0
46,6_27,6/27/2018,15,0,0,0
47,6_27,6/27/2018,15,1,0,0
48,6_27,6/27/2018,15,0,0,0
49,6_27,6/27/2018,15,1,0,0
50,6_27,6/27/2018,15,1,0,0
51,6_27,6/27/2018,15,1,0,0
52,6_27,6/27/2018,15,1,0,0
53,6_27,6/27/2018,15,1,0,0
54,6_27,6/27/2018,15,1,0,0
55,6_27,6/27/2018,15,1,0,0
56,6_27,6/27/2018,15,1,0,0
57,6_27,6/27/2018,15,1,0,0
58,6_27,6/27/2018,15,2,0,1
59,6_27,6/27/2018,15,1,0,0
60,6_27,6/27/2018,15,0,0,0
61,6_27,6/27/2018,15,0,0,0
62,6_27,6/27/2018,15,1,0,0
63,6_27,6/27/2018,15,0,0,0
64,6_27,6/27/2018,15,1,0,0
65,6_27,6/27/2018,15,1,1,0
66,6_27,6/27/2018,15,0,0,0
67,6_27,6/27/2018,15,1,0,0
68,6_27,6/27/2018,15,1,0,0
69,6_27,6/27/2018,15,1,0,0
70,6_27,6/27/2018,15,0,0,0
71,6_27,6/27/2018,15,0,0,0
72,6_27,6/27/2018,15,1,0,0
73,6_27,6/27/2018,15,1,0,0
74,6_27,6/27/2018,15,0,1,0
75,6_27,6/27/2018,15,1,0,0
76,6_27,6/27/2018,15,0,0,0
77,6_27,6/27/2018,15,0,0,0
78,6_27,6/27/2018,15,0,0,0
79,6_27,6/27/2018,15,0,0,0
80,6_27,6/27/2018,15,0,0,0
81,6_27,6/27/2018,15,0,0,0
82,6_27,6/27/2018,15,0,0,0
83,6_27,6/27/2018,15,0,0,0
84,6_27,6/27/2018,15,1,0,0
85,6_27,6/27/2018,15,1,0,0
86,6_27,6/27/2018,15,1,0,0
87,6_27,6/27/2018,15,0,0,0
88,6_27,6/27/2018,15,0,0,0
89,6_27,6/27/2018,15,0,0,0
90,6_27,6/27/2018,15,0,0,0
1,6_28,6/28/2018,16,0,0,0
2,6_28,6/28/2018,16,1,0,0
3,6_28,6/28/2018,16,0,0,0
4,6_28,6/28/2018,16,1,0,0
5,6_28,6/28/2018,16,0,0,0
6,6_28,6/28/2018,16,1,0,0
7,6_28,6/28/2018,16,0,0,0
8,6_28,6/28/2018,16,0,0,0
9,6_28,6/28/2018,16,0,0,0
10,6_28,6/28/2018,16,1,0,0
11,6_28,6/28/2018,16,1,0,0
12,6_28,6/28/2018,16,0,0,0
13,6_28,6/28/2018,16,0,0,0
14,6_28,6/28/2018,16,1,0,0
15,6_28,6/28/2018,16,0,0,0
16,6_28,6/28/2018,16,0,0,0
17,6_28,6/28/2018,16,0,0,0
18,6_28,6/28/2018,16,1,0,0
19,6_28,6/28/2018,16,0,0,0
20,6_28,6/28/2018,16,1,0,0
21,6_28,6/28/2018,16,1,0,0
22,6_28,6/28/2018,16,1,0,0
23,6_28,6/28/2018,16,1,0,0
24,6_28,6/28/2018,16,0,0,0
25,6_28,6/28/2018,16,1,0,0
26,6_28,6/28/2018,16,1,0,0
27,6_28,6/28/2018,16,1,0,0
28,6_28,6/28/2018,16,0,0,0
29,6_28,6/28/2018,16,0,0,0
30,6_28,6/28/2018,16,1,0,0
31,6_28,6/28/2018,16,0,0,0
32,6_28,6/28/2018,16,0,0,0
33,6_28,6/28/2018,16,0,0,0
34,6_28,6/28/2018,16,0,0,0
35,6_28,6/28/2018,16,1,0,0
36,6_28,6/28/2018,16,0,0,0
37,6_28,6/28/2018,16,1,0,0
38,6_28,6/28/2018,16,0,0,0
39,6_28,6/28/2018,16,1,0,0
40,6_28,6/28/2018,16,0,0,0
41,6_28,6/28/2018,16,0,0,0
42,6_28,6/28/2018,16,1,0,0
43,6_28,6/28/2018,16,0,0,0
44,6_28,6/28/2018,16,1,0,0
45,6_28,6/28/2018,16,0,0,0
46,6_28,6/28/2018,16,1,0,0
47,6_28,6/28/2018,16,1,0,0
48,6_28,6/28/2018,16,0,0,0
49,6_28,6/28/2018,16,1,0,0
50,6_28,6/28/2018,16,1,0,0
51,6_28,6/28/2018,16,1,0,0
52,6_28,6/28/2018,16,1,1,0
53,6_28,6/28/2018,16,1,0,0
54,6_28,6/28/2018,16,1,0,0
55,6_28,6/28/2018,16,1,0,0
56,6_28,6/28/2018,16,1,0,0
57,6_28,6/28/2018,16,1,0,0
58,6_28,6/28/2018,16,1,0,0
59,6_28,6/28/2018,16,1,0,0
60,6_28,6/28/2018,16,0,0,0
61,6_28,6/28/2018,16,0,0,0
62,6_28,6/28/2018,16,1,0,0
63,6_28,6/28/2018,16,0,0,0
64,6_28,6/28/2018,16,1,0,0
65,6_28,6/28/2018,16,1,0,0
66,6_28,6/28/2018,16,0,0,0
67,6_28,6/28/2018,16,1,0,0
68,6_28,6/28/2018,16,1,0,0
69,6_28,6/28/2018,16,1,0,0
70,6_28,6/28/2018,16,0,0,0
71,6_28,6/28/2018,16,0,0,0
72,6_28,6/28/2018,16,1,0,0
73,6_28,6/28/2018,16,1,0,0
74,6_28,6/28/2018,16,0,0,0
75,6_28,6/28/2018,16,1,0,0
76,6_28,6/28/2018,16,0,0,0
77,6_28,6/28/2018,16,0,0,0
78,6_28,6/28/2018,16,0,0,0
79,6_28,6/28/2018,16,1,0,0
80,6_28,6/28/2018,16,0,0,0
81,6_28,6/28/2018,16,0,0,0
82,6_28,6/28/2018,16,0,0,0
83,6_28,6/28/2018,16,0,0,0
84,6_28,6/28/2018,16,1,0,0
85,6_28,6/28/2018,16,1,0,0
86,6_28,6/28/2018,16,1,0,0
87,6_28,6/28/2018,16,0,0,0
88,6_28,6/28/2018,16,0,0,0
89,6_28,6/28/2018,16,0,0,0
90,6_28,6/28/2018,16,0,0,0
1,6_29,6/29/2018,17,0,0,0
2,6_29,6/29/2018,17,1,0,0
3,6_29,6/29/2018,17,1,0,0
4,6_29,6/29/2018,17,1,0,0
5,6_29,6/29/2018,17,0,0,0
6,6_29,6/29/2018,17,1,0,0
7,6_29,6/29/2018,17,0,0,0
8,6_29,6/29/2018,17,0,0,0
9,6_29,6/29/2018,17,0,0,0
10,6_29,6/29/2018,17,1,0,0
11,6_29,6/29/2018,17,1,0,0
12,6_29,6/29/2018,17,0,0,0
13,6_29,6/29/2018,17,0,0,0
14,6_29,6/29/2018,17,1,0,0
15,6_29,6/29/2018,17,0,0,0
16,6_29,6/29/2018,17,0,0,0
17,6_29,6/29/2018,17,0,0,0
18,6_29,6/29/2018,17,1,0,0
19,6_29,6/29/2018,17,0,0,0
20,6_29,6/29/2018,17,1,0,0
21,6_29,6/29/2018,17,1,0,0
22,6_29,6/29/2018,17,1,0,0
23,6_29,6/29/2018,17,1,0,0
24,6_29,6/29/2018,17,0,0,0
25,6_29,6/29/2018,17,1,0,0
26,6_29,6/29/2018,17,1,0,0
27,6_29,6/29/2018,17,1,0,0
28,6_29,6/29/2018,17,0,0,0
29,6_29,6/29/2018,17,0,0,0
30,6_29,6/29/2018,17,1,0,0
31,6_29,6/29/2018,17,0,0,0
32,6_29,6/29/2018,17,0,0,0
33,6_29,6/29/2018,17,0,0,0
34,6_29,6/29/2018,17,0,0,0
35,6_29,6/29/2018,17,0,0,0
36,6_29,6/29/2018,17,0,0,0
37,6_29,6/29/2018,17,1,0,0
38,6_29,6/29/2018,17,0,0,0
39,6_29,6/29/2018,17,1,0,0
40,6_29,6/29/2018,17,0,0,0
41,6_29,6/29/2018,17,0,0,0
42,6_29,6/29/2018,17,1,0,0
43,6_29,6/29/2018,17,0,0,0
44,6_29,6/29/2018,17,1,0,0
45,6_29,6/29/2018,17,0,0,0
46,6_29,6/29/2018,17,0,0,0
47,6_29,6/29/2018,17,1,0,0
48,6_29,6/29/2018,17,0,0,0
49,6_29,6/29/2018,17,1,0,0
50,6_29,6/29/2018,17,1,0,0
51,6_29,6/29/2018,17,1,0,0
52,6_29,6/29/2018,17,1,0,0
53,6_29,6/29/2018,17,1,0,0
54,6_29,6/29/2018,17,1,0,0
55,6_29,6/29/2018,17,1,0,0
56,6_29,6/29/2018,17,1,0,0
57,6_29,6/29/2018,17,1,0,0
58,6_29,6/29/2018,17,1,0,0
59,6_29,6/29/2018,17,1,0,0
60,6_29,6/29/2018,17,0,0,0
61,6_29,6/29/2018,17,0,0,0
62,6_29,6/29/2018,17,1,0,0
63,6_29,6/29/2018,17,0,0,0
64,6_29,6/29/2018,17,1,0,0
65,6_29,6/29/2018,17,1,0,0
66,6_29,6/29/2018,17,0,0,0
67,6_29,6/29/2018,17,1,0,0
68,6_29,6/29/2018,17,1,0,0
69,6_29,6/29/2018,17,1,0,0
70,6_29,6/29/2018,17,0,0,0
71,6_29,6/29/2018,17,0,0,0
72,6_29,6/29/2018,17,1,0,0
73,6_29,6/29/2018,17,1,0,0
74,6_29,6/29/2018,17,0,0,0
75,6_29,6/29/2018,17,1,0,0
76,6_29,6/29/2018,17,0,0,0
77,6_29,6/29/2018,17,0,0,0
78,6_29,6/29/2018,17,0,0,0
79,6_29,6/29/2018,17,0,0,0
80,6_29,6/29/2018,17,0,0,0
81,6_29,6/29/2018,17,0,0,0
82,6_29,6/29/2018,17,0,0,0
83,6_29,6/29/2018,17,0,0,0
84,6_29,6/29/2018,17,1,0,0
85,6_29,6/29/2018,17,1,0,0
86,6_29,6/29/2018,17,1,0,0
87,6_29,6/29/2018,17,0,0,0
88,6_29,6/29/2018,17,0,0,0
89,6_29,6/29/2018,17,0,0,0
90,6_29,6/29/2018,17,0,0,0
1,6_30,6/30/2018,18,0,0,0
2,6_30,6/30/2018,18,1,0,0
3,6_30,6/30/2018,18,0,0,0
4,6_30,6/30/2018,18,1,0,0
5,6_30,6/30/2018,18,0,0,0
6,6_30,6/30/2018,18,1,0,0
7,6_30,6/30/2018,18,0,0,0
8,6_30,6/30/2018,18,0,0,0
9,6_30,6/30/2018,18,0,0,0
10,6_30,6/30/2018,18,1,0,0
11,6_30,6/30/2018,18,1,0,0
12,6_30,6/30/2018,18,0,0,0
13,6_30,6/30/2018,18,0,0,0
14,6_30,6/30/2018,18,1,0,0
15,6_30,6/30/2018,18,0,0,0
16,6_30,6/30/2018,18,0,0,0
17,6_30,6/30/2018,18,0,0,0
18,6_30,6/30/2018,18,1,0,0
19,6_30,6/30/2018,18,0,0,0
20,6_30,6/30/2018,18,1,0,0
21,6_30,6/30/2018,18,1,0,0
22,6_30,6/30/2018,18,1,0,0
23,6_30,6/30/2018,18,1,0,0
24,6_30,6/30/2018,18,0,0,0
25,6_30,6/30/2018,18,1,0,0
26,6_30,6/30/2018,18,1,0,0
27,6_30,6/30/2018,18,1,0,0
28,6_30,6/30/2018,18,0,0,0
29,6_30,6/30/2018,18,0,0,0
30,6_30,6/30/2018,18,1,0,0
31,6_30,6/30/2018,18,0,0,0
32,6_30,6/30/2018,18,0,0,0
33,6_30,6/30/2018,18,0,0,0
34,6_30,6/30/2018,18,0,0,0
35,6_30,6/30/2018,18,0,0,0
36,6_30,6/30/2018,18,0,0,0
37,6_30,6/30/2018,18,0,0,0
38,6_30,6/30/2018,18,0,0,0
39,6_30,6/30/2018,18,1,0,0
40,6_30,6/30/2018,18,0,0,0
41,6_30,6/30/2018,18,0,0,0
42,6_30,6/30/2018,18,1,0,0
43,6_30,6/30/2018,18,0,0,0
44,6_30,6/30/2018,18,1,0,0
45,6_30,6/30/2018,18,0,0,0
46,6_30,6/30/2018,18,0,0,0
47,6_30,6/30/2018,18,1,0,0
48,6_30,6/30/2018,18,1,0,0
49,6_30,6/30/2018,18,1,0,0
50,6_30,6/30/2018,18,1,0,0
51,6_30,6/30/2018,18,1,0,0
52,6_30,6/30/2018,18,1,0,0
53,6_30,6/30/2018,18,1,0,0
54,6_30,6/30/2018,18,1,0,0
55,6_30,6/30/2018,18,1,0,0
56,6_30,6/30/2018,18,1,0,0
57,6_30,6/30/2018,18,1,0,0
58,6_30,6/30/2018,18,1,0,0
59,6_30,6/30/2018,18,1,0,0
60,6_30,6/30/2018,18,0,0,0
61,6_30,6/30/2018,18,0,0,0
62,6_30,6/30/2018,18,1,0,0
63,6_30,6/30/2018,18,0,0,0
64,6_30,6/30/2018,18,1,0,0
65,6_30,6/30/2018,18,1,0,0
66,6_30,6/30/2018,18,1,0,0
67,6_30,6/30/2018,18,1,0,0
68,6_30,6/30/2018,18,1,0,0
69,6_30,6/30/2018,18,1,0,0
70,6_30,6/30/2018,18,0,0,0
71,6_30,6/30/2018,18,0,0,0
72,6_30,6/30/2018,18,1,0,0
73,6_30,6/30/2018,18,1,0,0
74,6_30,6/30/2018,18,0,0,0
75,6_30,6/30/2018,18,1,0,0
76,6_30,6/30/2018,18,0,0,0
77,6_30,6/30/2018,18,0,0,0
78,6_30,6/30/2018,18,0,0,0
79,6_30,6/30/2018,18,0,0,0
80,6_30,6/30/2018,18,0,0,0
81,6_30,6/30/2018,18,0,0,0
82,6_30,6/30/2018,18,0,0,0
83,6_30,6/30/2018,18,0,0,0
84,6_30,6/30/2018,18,1,0,0
85,6_30,6/30/2018,18,1,0,0
86,6_30,6/30/2018,18,1,0,0
87,6_30,6/30/2018,18,0,0,0
88,6_30,6/30/2018,18,0,0,0
89,6_30,6/30/2018,18,0,0,0
90,6_30,6/30/2018,18,0,0,0
1,7_01,7/1/2018,19,0,0,0
2,7_01,7/1/2018,19,1,0,0
3,7_01,7/1/2018,19,0,0,0
4,7_01,7/1/2018,19,1,0,0
5,7_01,7/1/2018,19,0,0,0
6,7_01,7/1/2018,19,1,0,0
7,7_01,7/1/2018,19,0,0,0
8,7_01,7/1/2018,19,0,0,0
9,7_01,7/1/2018,19,0,0,0
10,7_01,7/1/2018,19,1,0,0
11,7_01,7/1/2018,19,1,0,0
12,7_01,7/1/2018,19,0,0,0
13,7_01,7/1/2018,19,0,0,0
14,7_01,7/1/2018,19,1,0,0
15,7_01,7/1/2018,19,0,0,0
16,7_01,7/1/2018,19,0,0,0
17,7_01,7/1/2018,19,0,0,0
18,7_01,7/1/2018,19,1,0,0
19,7_01,7/1/2018,19,0,0,0
20,7_01,7/1/2018,19,1,0,0
21,7_01,7/1/2018,19,1,0,0
22,7_01,7/1/2018,19,1,0,0
23,7_01,7/1/2018,19,1,0,0
24,7_01,7/1/2018,19,0,0,0
25,7_01,7/1/2018,19,1,0,0
26,7_01,7/1/2018,19,1,0,0
27,7_01,7/1/2018,19,1,0,0
28,7_01,7/1/2018,19,0,0,0
29,7_01,7/1/2018,19,0,0,0
30,7_01,7/1/2018,19,1,0,0
31,7_01,7/1/2018,19,0,0,0
32,7_01,7/1/2018,19,0,0,0
33,7_01,7/1/2018,19,0,0,0
34,7_01,7/1/2018,19,0,0,0
35,7_01,7/1/2018,19,0,0,0
36,7_01,7/1/2018,19,0,0,0
37,7_01,7/1/2018,19,1,0,0
38,7_01,7/1/2018,19,0,0,0
39,7_01,7/1/2018,19,1,0,0
40,7_01,7/1/2018,19,0,0,0
41,7_01,7/1/2018,19,0,0,0
42,7_01,7/1/2018,19,1,0,0
43,7_01,7/1/2018,19,0,0,0
44,7_01,7/1/2018,19,1,0,0
45,7_01,7/1/2018,19,0,0,0
46,7_01,7/1/2018,19,0,0,0
47,7_01,7/1/2018,19,1,0,0
48,7_01,7/1/2018,19,0,0,0
49,7_01,7/1/2018,19,1,0,0
50,7_01,7/1/2018,19,1,0,0
51,7_01,7/1/2018,19,1,0,0
52,7_01,7/1/2018,19,1,0,0
53,7_01,7/1/2018,19,1,0,0
54,7_01,7/1/2018,19,1,0,0
55,7_01,7/1/2018,19,1,0,0
56,7_01,7/1/2018,19,1,0,0
57,7_01,7/1/2018,19,1,0,0
58,7_01,7/1/2018,19,1,0,0
59,7_01,7/1/2018,19,1,0,0
60,7_01,7/1/2018,19,0,0,0
61,7_01,7/1/2018,19,0,0,0
62,7_01,7/1/2018,19,1,0,0
63,7_01,7/1/2018,19,0,0,0
64,7_01,7/1/2018,19,1,0,0
65,7_01,7/1/2018,19,1,0,0
66,7_01,7/1/2018,19,1,0,0
67,7_01,7/1/2018,19,1,0,0
68,7_01,7/1/2018,19,1,0,0
69,7_01,7/1/2018,19,1,0,0
70,7_01,7/1/2018,19,0,0,0
71,7_01,7/1/2018,19,0,0,0
72,7_01,7/1/2018,19,1,0,0
73,7_01,7/1/2018,19,1,0,0
74,7_01,7/1/2018,19,0,0,0
75,7_01,7/1/2018,19,1,0,0
76,7_01,7/1/2018,19,0,0,0
77,7_01,7/1/2018,19,0,0,0
78,7_01,7/1/2018,19,0,0,0
79,7_01,7/1/2018,19,0,0,0
80,7_01,7/1/2018,19,0,0,0
81,7_01,7/1/2018,19,0,0,0
82,7_01,7/1/2018,19,0,0,0
83,7_01,7/1/2018,19,0,0,0
84,7_01,7/1/2018,19,1,0,0
85,7_01,7/1/2018,19,1,0,0
86,7_01,7/1/2018,19,1,0,0
87,7_01,7/1/2018,19,0,0,0
88,7_01,7/1/2018,19,0,0,0
89,7_01,7/1/2018,19,1,0,0
90,7_01,7/1/2018,19,0,0,0
1,7_05,7/5/2018,23,0,0,0
2,7_05,7/5/2018,23,1,0,0
3,7_05,7/5/2018,23,0,0,0
4,7_05,7/5/2018,23,1,0,0
5,7_05,7/5/2018,23,0,0,0
6,7_05,7/5/2018,23,1,0,0
7,7_05,7/5/2018,23,0,0,0
8,7_05,7/5/2018,23,0,0,0
9,7_05,7/5/2018,23,0,0,0
10,7_05,7/5/2018,23,1,0,0
11,7_05,7/5/2018,23,1,0,0
12,7_05,7/5/2018,23,0,0,0
13,7_05,7/5/2018,23,0,0,0
14,7_05,7/5/2018,23,1,0,0
15,7_05,7/5/2018,23,0,0,0
16,7_05,7/5/2018,23,0,0,0
17,7_05,7/5/2018,23,0,0,0
18,7_05,7/5/2018,23,1,0,0
19,7_05,7/5/2018,23,0,0,0
20,7_05,7/5/2018,23,1,0,0
21,7_05,7/5/2018,23,1,0,0
22,7_05,7/5/2018,23,1,0,0
23,7_05,7/5/2018,23,1,0,0
24,7_05,7/5/2018,23,0,0,0
25,7_05,7/5/2018,23,1,0,0
26,7_05,7/5/2018,23,1,0,0
27,7_05,7/5/2018,23,1,0,0
28,7_05,7/5/2018,23,0,0,0
29,7_05,7/5/2018,23,0,0,0
30,7_05,7/5/2018,23,1,0,0
31,7_05,7/5/2018,23,0,0,0
32,7_05,7/5/2018,23,0,0,0
33,7_05,7/5/2018,23,0,0,0
34,7_05,7/5/2018,23,0,0,0
35,7_05,7/5/2018,23,0,0,0
36,7_05,7/5/2018,23,0,0,0
37,7_05,7/5/2018,23,1,0,0
38,7_05,7/5/2018,23,0,0,0
39,7_05,7/5/2018,23,1,0,0
40,7_05,7/5/2018,23,0,0,0
41,7_05,7/5/2018,23,0,0,0
42,7_05,7/5/2018,23,1,0,0
43,7_05,7/5/2018,23,0,0,0
44,7_05,7/5/2018,23,1,0,0
45,7_05,7/5/2018,23,0,0,0
46,7_05,7/5/2018,23,0,0,0
47,7_05,7/5/2018,23,1,0,0
48,7_05,7/5/2018,23,0,0,0
49,7_05,7/5/2018,23,1,0,0
50,7_05,7/5/2018,23,1,0,0
51,7_05,7/5/2018,23,1,0,0
52,7_05,7/5/2018,23,1,0,0
53,7_05,7/5/2018,23,1,0,0
54,7_05,7/5/2018,23,1,0,0
55,7_05,7/5/2018,23,1,0,0
56,7_05,7/5/2018,23,1,0,0
57,7_05,7/5/2018,23,1,0,0
58,7_05,7/5/2018,23,1,0,0
59,7_05,7/5/2018,23,1,0,0
60,7_05,7/5/2018,23,0,0,0
61,7_05,7/5/2018,23,0,0,0
62,7_05,7/5/2018,23,1,0,0
63,7_05,7/5/2018,23,0,0,0
64,7_05,7/5/2018,23,1,0,0
65,7_05,7/5/2018,23,1,0,0
66,7_05,7/5/2018,23,1,0,0
67,7_05,7/5/2018,23,1,0,0
68,7_05,7/5/2018,23,1,0,0
69,7_05,7/5/2018,23,1,0,0
70,7_05,7/5/2018,23,0,0,0
71,7_05,7/5/2018,23,0,0,0
72,7_05,7/5/2018,23,1,0,0
73,7_05,7/5/2018,23,1,0,0
74,7_05,7/5/2018,23,0,0,0
75,7_05,7/5/2018,23,1,0,0
76,7_05,7/5/2018,23,0,0,0
77,7_05,7/5/2018,23,0,0,0
78,7_05,7/5/2018,23,0,0,0
79,7_05,7/5/2018,23,1,0,0
80,7_05,7/5/2018,23,0,0,0
81,7_05,7/5/2018,23,0,0,0
82,7_05,7/5/2018,23,0,0,0
83,7_05,7/5/2018,23,0,0,0
84,7_05,7/5/2018,23,1,0,0
85,7_05,7/5/2018,23,1,0,0
86,7_05,7/5/2018,23,1,0,1
87,7_05,7/5/2018,23,0,0,0
88,7_05,7/5/2018,23,0,0,0
89,7_05,7/5/2018,23,1,0,0
90,7_05,7/5/2018,23,0,0,0
1,7_09,7/9/2018,27,0,0,0
2,7_09,7/9/2018,27,1,0,0
3,7_09,7/9/2018,27,0,0,0
4,7_09,7/9/2018,27,1,0,0
5,7_09,7/9/2018,27,0,0,0
6,7_09,7/9/2018,27,1,0,0
7,7_09,7/9/2018,27,0,0,0
8,7_09,7/9/2018,27,0,0,0
9,7_09,7/9/2018,27,0,0,0
10,7_09,7/9/2018,27,1,0,0
11,7_09,7/9/2018,27,1,0,0
12,7_09,7/9/2018,27,0,0,0
13,7_09,7/9/2018,27,0,0,0
14,7_09,7/9/2018,27,1,0,0
15,7_09,7/9/2018,27,0,0,0
16,7_09,7/9/2018,27,0,0,0
17,7_09,7/9/2018,27,0,0,0
18,7_09,7/9/2018,27,1,0,0
19,7_09,7/9/2018,27,0,0,0
20,7_09,7/9/2018,27,1,0,0
21,7_09,7/9/2018,27,1,0,0
22,7_09,7/9/2018,27,1,0,0
23,7_09,7/9/2018,27,1,0,0
24,7_09,7/9/2018,27,0,0,0
25,7_09,7/9/2018,27,1,0,0
26,7_09,7/9/2018,27,1,0,0
27,7_09,7/9/2018,27,1,0,0
28,7_09,7/9/2018,27,0,0,0
29,7_09,7/9/2018,27,0,0,0
30,7_09,7/9/2018,27,1,0,0
31,7_09,7/9/2018,27,0,0,0
32,7_09,7/9/2018,27,0,0,0
33,7_09,7/9/2018,27,0,0,0
34,7_09,7/9/2018,27,0,0,0
35,7_09,7/9/2018,27,0,0,0
36,7_09,7/9/2018,27,0,0,0
37,7_09,7/9/2018,27,1,0,0
38,7_09,7/9/2018,27,0,0,0
39,7_09,7/9/2018,27,1,0,0
40,7_09,7/9/2018,27,0,0,0
41,7_09,7/9/2018,27,0,0,0
42,7_09,7/9/2018,27,1,0,0
43,7_09,7/9/2018,27,0,0,0
44,7_09,7/9/2018,27,1,0,0
45,7_09,7/9/2018,27,0,0,0
46,7_09,7/9/2018,27,0,0,0
47,7_09,7/9/2018,27,1,0,0
48,7_09,7/9/2018,27,0,0,0
49,7_09,7/9/2018,27,1,0,0
50,7_09,7/9/2018,27,1,0,0
51,7_09,7/9/2018,27,1,0,0
52,7_09,7/9/2018,27,1,0,0
53,7_09,7/9/2018,27,1,0,0
54,7_09,7/9/2018,27,1,0,0
55,7_09,7/9/2018,27,1,0,0
56,7_09,7/9/2018,27,1,0,0
57,7_09,7/9/2018,27,1,0,0
58,7_09,7/9/2018,27,1,0,0
59,7_09,7/9/2018,27,1,0,0
60,7_09,7/9/2018,27,0,0,0
61,7_09,7/9/2018,27,0,0,0
62,7_09,7/9/2018,27,1,0,0
63,7_09,7/9/2018,27,0,0,0
64,7_09,7/9/2018,27,1,0,0
65,7_09,7/9/2018,27,1,0,0
66,7_09,7/9/2018,27,1,0,0
67,7_09,7/9/2018,27,1,0,0
68,7_09,7/9/2018,27,1,0,0
69,7_09,7/9/2018,27,1,0,0
70,7_09,7/9/2018,27,0,0,0
71,7_09,7/9/2018,27,0,0,0
72,7_09,7/9/2018,27,1,0,0
73,7_09,7/9/2018,27,1,0,0
74,7_09,7/9/2018,27,0,0,0
75,7_09,7/9/2018,27,1,0,0
76,7_09,7/9/2018,27,0,0,0
77,7_09,7/9/2018,27,0,0,0
78,7_09,7/9/2018,27,0,0,0
79,7_09,7/9/2018,27,1,0,0
80,7_09,7/9/2018,27,0,0,0
81,7_09,7/9/2018,27,0,0,0
82,7_09,7/9/2018,27,0,0,0
83,7_09,7/9/2018,27,0,0,0
84,7_09,7/9/2018,27,1,0,0
85,7_09,7/9/2018,27,1,0,0
86,7_09,7/9/2018,27,1,0,0
87,7_09,7/9/2018,27,0,0,0
88,7_09,7/9/2018,27,0,0,0
89,7_09,7/9/2018,27,1,0,0
90,7_09,7/9/2018,27,0,0,0
